prognosis,specialty,hospital,place,state
Fungal infection,Dermatology,Apollo Hospitals, Hyderabad,Telangana
Allergy,Immunology,Yashoda Hospitals, Hyderabad,Telangana
GERD,Gastroenterology,Care Hospitals, Hyderabad,Telangana
Chronic cholestasis,Hepatology,Asian Institute of Gastroenterology, Hyderabad,Telangana
Drug Reaction,Internal Medicine,KIMS Hospital, Hyderabad,Telangana
Peptic ulcer disease,Gastroenterology,Continental Hospitals, Hyderabad,Telangana
AIDS,Infectious Diseases,NIMS Hospital, Hyderabad,Telangana
Diabetes,Endocrinology,Medicover Hospitals, Hyderabad,Telangana
Gastroenteritis,Gastroenterology,Sunshine Hospitals, Hyderabad,Telangana
Bronchial Asthma,Pulmonology,TX Hospitals, Hyderabad,Telangana
Hypertension,Cardiology,Apollo Hospitals, Hyderabad,Telangana
Migraine,Neurology,Yashoda Hospitals, Hyderabad,Telangana
Cervical spondylosis,Orthopedics,KIMS Hospital, Hyderabad,Telangana
Paralysis (brain hemorrhage),Neurology,NIMS Hospital, Hyderabad,Telangana
Jaundice,Hepatology,AIG Hospitals, Hyderabad,Telangana
Malaria,General Medicine,Gandhi Hospital, Hyderabad,Telangana
Chicken pox,Dermatology,Yashoda Hospitals, Hyderabad,Telangana
Dengue,Pulmonology,Apollo Hospitals, Hyderabad,Telangana
Typhoid,Infectious Diseases,Care Hospitals, Hyderabad,Telangana
Hepatitis A,Hepatology,AIG Hospitals, Hyderabad,Telangana
Hepatitis B,Hepatology,Apollo Hospitals, Hyderabad,Telangana
Hepatitis C,Hepatology,Continental Hospitals, Hyderabad,Telangana
Hepatitis D,Hepatology,Yashoda Hospitals, Hyderabad,Telangana
Hepatitis E,Hepatology,AIG Hospitals, Hyderabad,Telangana
Alcoholic hepatitis,Hepatology,KIMS Hospital, Hyderabad,Telangana
Tuberculosis,Pulmonology,Chest Hospital, Hyderabad,Telangana
Common Cold,General Medicine,Gandhi Hospital, Hyderabad,Telangana
Pneumonia,Pulmonology,Yashoda Hospitals, Hyderabad,Telangana
Dimorphic hemorrhoids (piles),Surgery,Apollo Hospitals, Hyderabad,Telangana
Heart attack,Cardiology,Care Hospitals, Hyderabad,Telangana
Varicose veins,Vascular Surgery,Sunshine Hospitals, Hyderabad,Telangana
Hypothyroidism,Endocrinology,Medicover Hospitals, Hyderabad,Telangana
Hyperthyroidism,Endocrinology,Apollo Hospitals, Hyderabad,Telangana
Hypoglycemia,Endocrinology,Yashoda Hospitals, Hyderabad,Telangana
Osteoarthritis,Orthopedics,KIMS Hospital, Hyderabad,Telangana
Arthritis,Orthopedics,Continental Hospitals, Hyderabad,Telangana
Vertigo (Paroxysmal Positional Vertigo),ENT / Neurology,Yashoda Hospital, Hyderabad,Telangana
Acne,Dermatology,Derma Care Clinic, Hyderabad,Telangana
Urinary tract infection,Urology,Asian Institute of Nephrology, Hyderabad,Telangana
Psoriasis,Dermatology,Continental Hospitals, Hyderabad,Telangana
Impetigo,Dermatology / Pediatrics,Rainbow Children's Hospital, Hyderabad,Telangana
Fungal infection,Dermatology,Apollo Clinic, Hyderabad,Telangana
Heart attack,Cardiology,CARE Hospitals, Banjara Hills,Telangana
Varicose veins,Vascular Surgery,Sunshine Hospitals, Secunderabad,Telangana
Hypothyroidism,Endocrinology,KIMS Hospitals, Kondapur,Telangana
Hyperthyroidism,Endocrinology,Medicover Hospitals, Hyderabad,Telangana
Hypoglycemia,Endocrinology,Yashoda Hospitals, Somajiguda,Telangana
Osteoarthritis,Orthopedics,Sunshine Hospitals, Secunderabad,Telangana
Arthritis,Rheumatology,AIG Hospitals, Gachibowli,Telangana
Fungal infection,Dermatology,Lilavati Hospital, Mumbai,Maharashtra
Allergy,Immunology,Saifee Hospital, Mumbai,Maharashtra
GERD,Gastroenterology,Jaslok Hospital, Mumbai,Maharashtra
Chronic cholestasis,Hepatology,Global Hospital, Mumbai,Maharashtra
Drug Reaction,Internal Medicine,KEM Hospital, Mumbai,Maharashtra
Peptic ulcer disease,Gastroenterology,Ruby Hall Clinic, Pune,Maharashtra
AIDS,Infectious Diseases,JJ Hospital, Mumbai,Maharashtra
Diabetes,Endocrinology,Hiranandani Hospital, Mumbai,Maharashtra
Gastroenteritis,Gastroenterology,Deenanath Mangeshkar Hospital, Pune,Maharashtra
Bronchial Asthma,Pulmonology,Fortis Hospital, Mulund,Maharashtra
Hypertension,Cardiology,Nanavati Max Super Speciality Hospital, Mumbai,Maharashtra
Migraine,Neurology,PD Hinduja Hospital, Mumbai,Maharashtra
Cervical spondylosis,Orthopedics,Dinanath Mangeshkar Hospital, Pune,Maharashtra
Paralysis (brain hemorrhage),Neurology,KEM Hospital, Mumbai,Maharashtra
Jaundice,Hepatology,Jaslok Hospital, Mumbai,Maharashtra
Malaria,General Medicine,JJ Hospital, Mumbai,Maharashtra
Chicken pox,Dermatology,Kokilaben Hospital, Mumbai,Maharashtra
Dengue,Pulmonology,Lilavati Hospital, Mumbai,Maharashtra
Typhoid,Infectious Diseases,Grant Medical College, Mumbai,Maharashtra
Hepatitis A,Hepatology,Global Hospital, Mumbai,Maharashtra
Hepatitis B,Hepatology,KEM Hospital, Mumbai,Maharashtra
Hepatitis C,Hepatology,Jupiter Hospital, Thane,Maharashtra
Hepatitis D,Hepatology,Nanavati Hospital, Mumbai,Maharashtra
Hepatitis E,Hepatology,Fortis Hospital, Vashi,Maharashtra
Alcoholic hepatitis,Hepatology,Global Hospital, Mumbai,Maharashtra
Tuberculosis,Pulmonology,Sewri TB Hospital, Mumbai,Maharashtra
Common Cold,General Medicine,JJ Hospital, Mumbai,Maharashtra
Pneumonia,Pulmonology,Fortis Hospital, Mulund,Maharashtra
Dimorphic hemorrhoids (piles),Surgery,Ruby Hall Clinic, Pune,Maharashtra
Heart attack,Cardiology,Lilavati Hospital, Mumbai,Maharashtra
Varicose veins,Vascular Surgery,Bombay Hospital, Mumbai,Maharashtra
Hypothyroidism,Endocrinology,Hiranandani Hospital, Mumbai,Maharashtra
Hyperthyroidism,Endocrinology,Sahyadri Hospital, Pune,Maharashtra
Hypoglycemia,Endocrinology,Jupiter Hospital, Thane,Maharashtra
Osteoarthritis,Orthopedics,Sancheti Hospital, Pune,Maharashtra
Arthritis,Orthopedics,Hinduja Hospital, Mumbai,Maharashtra
Vertigo (Paroxysmal Positional Vertigo),ENT / Neurology,Global Hospital, Mumbai,Maharashtra
Acne,Dermatology,Kaya Skin Clinic, Mumbai,Maharashtra
Urinary tract infection,Urology,Bombay Hospital, Mumbai,Maharashtra
Psoriasis,Dermatology,SkinCity, Pune,Maharashtra
Impetigo,Dermatology / Pediatrics,Rainbow Children's Hospital, Mumbai,Maharashtra
Fungal infection,Dermatology,Manipal Hospital, Bengaluru,Karnataka
Allergy,Immunology,Apollo Hospitals, Bengaluru,Karnataka
GERD,Gastroenterology,Sakra World Hospital, Bengaluru,Karnataka
Chronic cholestasis,Hepatology,Vikram Hospital, Bengaluru,Karnataka
Drug Reaction,Internal Medicine,Narayana Health City, Bengaluru,Karnataka
Peptic ulcer disease,Gastroenterology,St. John's Medical College Hospital, Bengaluru,Karnataka
AIDS,Infectious Diseases,Victoria Hospital, Bengaluru,Karnataka
Diabetes,Endocrinology,BGS Gleneagles Global Hospital, Bengaluru,Karnataka
Gastroenteritis,Gastroenterology,JSS Hospital, Mysuru,Karnataka
Bronchial Asthma,Pulmonology,Columbia Asia Hospital, Bengaluru,Karnataka
Hypertension,Cardiology,Narayana Institute of Cardiac Sciences, Bengaluru,Karnataka
Migraine,Neurology,Manipal Hospital, Bengaluru,Karnataka
Cervical spondylosis,Orthopedics,Aster CMI Hospital, Bengaluru,Karnataka
Paralysis (brain hemorrhage),Neurology,NIMHANS, Bengaluru,Karnataka
Jaundice,Hepatology,MS Ramaiah Memorial Hospital, Bengaluru,Karnataka
Malaria,General Medicine,K.C. General Hospital, Bengaluru,Karnataka
Chicken pox,Dermatology,Sparsh Hospital, Bengaluru,Karnataka
Dengue,Pulmonology,Manipal Hospital, Bengaluru,Karnataka
Typhoid,Infectious Diseases,Bowring and Lady Curzon Hospital, Bengaluru,Karnataka
Hepatitis A,Hepatology,Vikram Hospital, Bengaluru,Karnataka
Hepatitis B,Hepatology,Apollo Hospitals, Bengaluru,Karnataka
Hepatitis C,Hepatology,Aster CMI Hospital, Bengaluru,Karnataka
Hepatitis D,Hepatology,Sakra World Hospital, Bengaluru,Karnataka
Hepatitis E,Hepatology,St. John's Medical College Hospital, Bengaluru,Karnataka
Alcoholic hepatitis,Hepatology,MS Ramaiah Memorial Hospital, Bengaluru,Karnataka
Tuberculosis,Pulmonology,Rajiv Gandhi Institute of Chest Diseases, Bengaluru,Karnataka
Common Cold,General Medicine,KIMS, Hubli,Karnataka
Pneumonia,Pulmonology,Manipal Hospital, Mangalore,Karnataka
Dimorphic hemorrhoids (piles),Surgery,Apollo Spectra Hospital, Bengaluru,Karnataka
Heart attack,Cardiology,Narayana Institute of Cardiac Sciences, Bengaluru,Karnataka
Varicose veins,Vascular Surgery,Columbia Asia Hospital, Bengaluru,Karnataka
Hypothyroidism,Endocrinology,Sagar Hospitals, Bengaluru,Karnataka
Hyperthyroidism,Endocrinology,Apollo Hospitals, Bengaluru,Karnataka
Hypoglycemia,Endocrinology,BGS Gleneagles Global Hospital, Bengaluru,Karnataka
Osteoarthritis,Orthopedics,Orthopaedic & Joint Replacement Center, Bengaluru,Karnataka
Arthritis,Orthopedics,Aster CMI Hospital, Bengaluru,Karnataka
Vertigo (Paroxysmal Positional Vertigo),ENT / Neurology,NIMHANS, Bengaluru,Karnataka
Acne,Dermatology,Kaya Skin Clinic, Bengaluru,Karnataka
Urinary tract infection,Urology,Vikram Hospital, Bengaluru,Karnataka
Psoriasis,Dermatology,Columbia Asia Hospital, Bengaluru,Karnataka
Impetigo,Dermatology / Pediatrics,Indira Gandhi Institute of Child Health, Bengaluru,Karnataka
Fungal infection,Dermatology,Apollo Hospitals, Visakhapatnam,Andhra Pradesh
Allergy,Immunology,GITAM Institute of Medical Sciences, Visakhapatnam,Andhra Pradesh
GERD,Gastroenterology,Seven Hills Hospital, Visakhapatnam,Andhra Pradesh
Chronic cholestasis,Hepatology,Ramesh Hospitals, Vijayawada,Andhra Pradesh
Drug Reaction,Internal Medicine,Andhra Hospitals, Vijayawada,Andhra Pradesh
Peptic ulcer disease,Gastroenterology,Manipal Hospital, Vijayawada,Andhra Pradesh
AIDS,Infectious Diseases,King George Hospital, Visakhapatnam,Andhra Pradesh
Diabetes,Endocrinology,Apollo Sugar Clinics, Guntur,Andhra Pradesh
Gastroenteritis,Gastroenterology,Guntur General Hospital, Guntur,Andhra Pradesh
Bronchial Asthma,Pulmonology,Ramesh Hospitals, Vijayawada,Andhra Pradesh
Hypertension,Cardiology,Apollo Hospitals, Nellore,Andhra Pradesh
Migraine,Neurology,MGM Hospital, Visakhapatnam,Andhra Pradesh
Cervical spondylosis,Orthopedics,Seven Hills Hospital, Visakhapatnam,Andhra Pradesh
Paralysis (brain hemorrhage),Neurology,Sri Venkateswara Institute of Medical Sciences (SVIMS), Tirupati,Andhra Pradesh
Jaundice,Hepatology,GITAM Institute of Medical Sciences, Visakhapatnam,Andhra Pradesh
Malaria,General Medicine,Government General Hospital, Guntur,Andhra Pradesh
Chicken pox,Dermatology,Queens NRI Hospital, Visakhapatnam,Andhra Pradesh
Dengue,Pulmonology,Apollo Hospitals, Vijayawada,Andhra Pradesh
Typhoid,Infectious Diseases,King George Hospital, Visakhapatnam,Andhra Pradesh
Hepatitis A,Hepatology,Ramesh Hospitals, Guntur,Andhra Pradesh
Hepatitis B,Hepatology,Manipal Hospital, Vijayawada,Andhra Pradesh
Hepatitis C,Hepatology,Apollo Hospitals, Nellore,Andhra Pradesh
Hepatitis D,Hepatology,Seven Hills Hospital, Visakhapatnam,Andhra Pradesh
Hepatitis E,Hepatology,Guntur Medical College Hospital,,Andhra Pradesh
Alcoholic hepatitis,Hepatology,Sankhya Hospitals, Visakhapatnam,Andhra Pradesh
Tuberculosis,Pulmonology,Government TB Sanatorium, Visakhapatnam,Andhra Pradesh
Common Cold,General Medicine,Andhra Hospitals, Vijayawada,Andhra Pradesh
Pneumonia,Pulmonology,Apollo Hospitals, Visakhapatnam,Andhra Pradesh
Dimorphic hemorrhoids (piles),Surgery,Medicover Hospitals, Kakinada,Andhra Pradesh
Heart attack,Cardiology,Ramesh Hospitals, Vijayawada,Andhra Pradesh
Varicose veins,Vascular Surgery,Manipal Hospital, Vijayawada,Andhra Pradesh
Hypothyroidism,Endocrinology,Apollo Hospitals, Guntur,Andhra Pradesh
Hyperthyroidism,Endocrinology,Queens NRI Hospital, Visakhapatnam,Andhra Pradesh
Hypoglycemia,Endocrinology,Apollo Sugar Clinics, Vijayawada,Andhra Pradesh
Osteoarthritis,Orthopedics,Seven Hills Hospital, Visakhapatnam,Andhra Pradesh
Arthritis,Orthopedics,Sri Venkateswara Institute of Medical Sciences, Tirupati,Andhra Pradesh
Vertigo (Paroxysmal Positional Vertigo),ENT / Neurology,King George Hospital, Visakhapatnam,Andhra Pradesh
Acne,Dermatology,SkinCity Clinic, Vijayawada,Andhra Pradesh
Urinary tract infection,Urology,Medicover Hospitals, Nellore,Andhra Pradesh
Psoriasis,Dermatology,Queens NRI Hospital, Visakhapatnam,Andhra Pradesh
Impetigo,Dermatology / Pediatrics,Rainbow Children's Hospital, Vijayawada,Andhra Pradesh
Fungal infection,Dermatology,MIOT International, Chennai,Tamil Nadu
Allergy,Immunology,Gleneagles Global Health City, Chennai,Tamil Nadu
GERD,Gastroenterology,Kovai Medical Center, Coimbatore,Tamil Nadu
Chronic cholestasis,Hepatology,Apollo Hospitals, Chennai,Tamil Nadu
Drug Reaction,Internal Medicine,Fortis Malar Hospital, Chennai,Tamil Nadu
Peptic ulcer disease,Gastroenterology,Rajiv Gandhi Government General Hospital, Chennai,Tamil Nadu
AIDS,Infectious Diseases,Government Hospital of Thoracic Medicine, Tambaram,Tamil Nadu
Diabetes,Endocrinology,Dr. Mohan’s Diabetes Specialities Centre, Chennai,Tamil Nadu
Gastroenteritis,Gastroenterology,PSG Hospitals, Coimbatore,Tamil Nadu
Bronchial Asthma,Pulmonology,Stanley Medical College Hospital, Chennai,Tamil Nadu
Hypertension,Cardiology,Apollo Hospitals, Chennai,Tamil Nadu
Migraine,Neurology,Frontier Lifeline Hospital, Chennai,Tamil Nadu
Cervical spondylosis,Orthopedics,SIMS Hospital, Chennai,Tamil Nadu
Paralysis (brain hemorrhage),Neurology,Government Rajaji Hospital, Madurai,Tamil Nadu
Jaundice,Hepatology,Kauvery Hospital, Chennai,Tamil Nadu
Malaria,General Medicine,GH Madurai, Madurai,Tamil Nadu
Chicken pox,Dermatology,Stanley Medical College, Chennai,Tamil Nadu
Dengue,Pulmonology,MIOT International, Chennai,Tamil Nadu
Typhoid,Infectious Diseases,Rajiv Gandhi Government General Hospital, Chennai,Tamil Nadu
Hepatitis A,Hepatology,Kovai Medical Center, Coimbatore,Tamil Nadu
Hepatitis B,Hepatology,Meenakshi Mission Hospital, Madurai,Tamil Nadu
Hepatitis C,Hepatology,MIOT Hospitals, Chennai,Tamil Nadu
Hepatitis D,Hepatology,SIMS Hospital, Chennai,Tamil Nadu
Hepatitis E,Hepatology,Kauvery Hospital, Trichy,Tamil Nadu
Alcoholic hepatitis,Hepatology,PSG Hospitals, Coimbatore,Tamil Nadu
Tuberculosis,Pulmonology,Government Hospital of Thoracic Medicine, Tambaram,Tamil Nadu
Common Cold,General Medicine,GH Coimbatore,,Tamil Nadu
Pneumonia,Pulmonology,Apollo Speciality Hospitals, Madurai,Tamil Nadu
Dimorphic hemorrhoids (piles),Surgery,Fortis Malar Hospital, Chennai,Tamil Nadu
Heart attack,Cardiology,Frontier Lifeline Hospital, Chennai,Tamil Nadu
Varicose veins,Vascular Surgery,Kauvery Hospital, Chennai,Tamil Nadu
Hypothyroidism,Endocrinology,Dr. Mohan's Diabetes Centre, Chennai,Tamil Nadu
Hyperthyroidism,Endocrinology,Apollo Hospitals, Trichy,Tamil Nadu
Hypoglycemia,Endocrinology,Meenakshi Mission Hospital, Madurai,Tamil Nadu
Osteoarthritis,Orthopedics,Kovai Medical Center, Coimbatore,Tamil Nadu
Arthritis,Orthopedics,Kauvery Hospital, Chennai,Tamil Nadu
Vertigo (Paroxysmal Positional Vertigo),ENT / Neurology,Stanley Medical College, Chennai,Tamil Nadu
Acne,Dermatology,Cutis Clinic, Chennai,Tamil Nadu
Urinary tract infection,Urology,SIMS Hospital, Chennai,Tamil Nadu
Psoriasis,Dermatology,MIOT International, Chennai,Tamil Nadu
Impetigo,Dermatology / Pediatrics,Rainbow Children's Hospital, Chennai,Tamil Nadu
Fungal infection,Dermatology,Aster Medcity, Kochi,Kerala
Allergy,Immunology,Medical Trust Hospital, Kochi,Kerala
GERD,Gastroenterology,Amrita Institute of Medical Sciences, Kochi,Kerala
Chronic cholestasis,Hepatology,PRS Hospital, Thiruvananthapuram,Kerala
Drug Reaction,Internal Medicine,Lakeshore Hospital, Kochi,Kerala
Peptic ulcer disease,Gastroenterology,Government Medical College, Kozhikode,Kerala
AIDS,Infectious Diseases,Government Medical College, Thrissur,Kerala
Diabetes,Endocrinology,Dr. Mohan’s Diabetes Center, Kochi,Kerala
Gastroenteritis,Gastroenterology,KIMSHEALTH, Thiruvananthapuram,Kerala
Bronchial Asthma,Pulmonology,Aster MIMS, Kozhikode,Kerala
Hypertension,Cardiology,Lakeshore Hospital, Kochi,Kerala
Migraine,Neurology,Amrita Hospital, Kochi,Kerala
Cervical spondylosis,Orthopedics,Baby Memorial Hospital, Kozhikode,Kerala
Paralysis (brain hemorrhage),Neurology,Sree Chitra Tirunal Institute, Thiruvananthapuram,Kerala
Jaundice,Hepatology,KIMSHEALTH, Thiruvananthapuram,Kerala
Malaria,General Medicine,Government Medical College, Kottayam,Kerala
Chicken pox,Dermatology,Baby Memorial Hospital, Kozhikode,Kerala
Dengue,Pulmonology,Aster Medcity, Kochi,Kerala
Typhoid,Infectious Diseases,Amrita Hospital, Kochi,Kerala
Hepatitis A,Hepatology,Aster MIMS, Kozhikode,Kerala
Hepatitis B,Hepatology,Lakeshore Hospital, Kochi,Kerala
Hepatitis C,Hepatology,KIMSHEALTH, Thiruvananthapuram,Kerala
Hepatitis D,Hepatology,Baby Memorial Hospital, Kozhikode,Kerala
Hepatitis E,Hepatology,Amrita Hospital, Kochi,Kerala
Alcoholic hepatitis,Hepatology,Government Medical College, Kozhikode,Kerala
Tuberculosis,Pulmonology,Government TB Centre, Alappuzha,Kerala
Common Cold,General Medicine,KIMSHEALTH, Thiruvananthapuram,Kerala
Pneumonia,Pulmonology,Aster Medcity, Kochi,Kerala
Dimorphic hemorrhoids (piles),Surgery,Medical Trust Hospital, Kochi,Kerala
Heart attack,Cardiology,Lakeshore Hospital, Kochi,Kerala
Varicose veins,Vascular Surgery,Aster MIMS, Kozhikode,Kerala
Hypothyroidism,Endocrinology,Amrita Institute of Medical Sciences, Kochi,Kerala
Hyperthyroidism,Endocrinology,KIMSHEALTH, Thiruvananthapuram,Kerala
Hypoglycemia,Endocrinology,Aster Medcity, Kochi,Kerala
Osteoarthritis,Orthopedics,Baby Memorial Hospital, Kozhikode,Kerala
Arthritis,Orthopedics,Government Medical College, Kottayam,Kerala
Vertigo (Paroxysmal Positional Vertigo),ENT / Neurology,Sree Chitra Tirunal Institute, Thiruvananthapuram,Kerala
Acne,Dermatology,Cosmo Care Clinic, Kochi,Kerala
Urinary tract infection,Urology,Medical Trust Hospital, Kochi,Kerala
Psoriasis,Dermatology,Lakeshore Hospital, Kochi,Kerala
Impetigo,Dermatology / Pediatrics,KIMSHEALTH, Thiruvananthapuram,Kerala
Fungal infection,Dermatology,Ramkrishna Care Hospital,Raipur,Chhattisgarh
Allergy,Immunology,Sanjeevani Hospital,Bilaspur,Chhattisgarh
GERD,Gastroenterology,Shree Narayana Hospital,Raipur,Chhattisgarh
Chronic cholestasis,Hepatology,AIIMS Raipur,Raipur,Chhattisgarh
Drug Reaction,Internal Medicine,Chhattisgarh Institute of Medical Sciences,Raipur,Chhattisgarh
Peptic ulcer disease,Gastroenterology,Dr. Bansal Hospital,Raipur,Chhattisgarh
AIDS,Infectious Diseases,Apollo Hospitals,Bilaspur,Chhattisgarh
Diabetes,Endocrinology,Fortis Hospital,Raipur,Chhattisgarh
Gastroenteritis,Gastroenterology,CIMS Raigarh,Raigarh,Chhattisgarh
Bronchial Asthma,Pulmonology,Laxmi Hospital,Durg,Chhattisgarh
Hypertension,Cardiology,Krishna Hospital,Bilaspur,Chhattisgarh
Migraine,Neurology,Max Super Speciality Hospital,Raipur,Chhattisgarh
Cervical spondylosis,Orthopedics,Swastik Hospital,Bilaspur,Chhattisgarh
Paralysis (brain hemorrhage),Neurology,Shree Narayana Hospital,Raipur,Chhattisgarh
Jaundice,Hepatology,Dr. Bansal Hospital,Raipur,Chhattisgarh
Malaria,General Medicine,SGPGI Raipur,Raipur,Chhattisgarh
Chicken pox,Dermatology,Ayushman Hospital,Durg,Chhattisgarh
Dengue,Pulmonology,Fortis Hospital,Raipur,Chhattisgarh
Typhoid,Infectious Diseases,Bhatia Hospital,Bilaspur,Chhattisgarh
Hepatitis A,Hepatology,Shree Ram Hospital,Raipur,Chhattisgarh
Hepatitis B,Hepatology,Krishna Hospital,Durg,Chhattisgarh
Hepatitis C,Hepatology,Fortis Hospital,Raipur,Chhattisgarh
Hepatitis D,Hepatology,AIIMS Raipur,Raipur,Chhattisgarh
Hepatitis E,Hepatology,Max Super Speciality Hospital,Raipur,Chhattisgarh
Alcoholic hepatitis,Hepatology,Shree Narayana Hospital,Bilaspur,Chhattisgarh
Tuberculosis,Pulmonology,Balco Medical Centre,Korba,Chhattisgarh
Common Cold,General Medicine,Laxmi Hospital,Durg,Chhattisgarh
Pneumonia,Pulmonology,AIIMS Raipur,Raipur,Chhattisgarh
Dimorphic hemorrhoids (piles),Surgery,Bhatia Hospital,Bilaspur,Chhattisgarh
Heart attack,Cardiology,Fortis Hospital,Raipur,Chhattisgarh
Varicose veins,Vascular Surgery,Max Super Speciality Hospital,Raipur,Chhattisgarh
Hypothyroidism,Endocrinology,Shree Ram Hospital,Bilaspur,Chhattisgarh
Hyperthyroidism,Endocrinology,Laxmi Hospital,Durg,Chhattisgarh
Hypoglycemia,Endocrinology,AIIMS Raipur,Raipur,Chhattisgarh
Osteoarthritis,Orthopedics,Chhattisgarh Institute of Medical Sciences,Raipur,Chhattisgarh
Arthritis,Orthopedics,Shree Narayana Hospital,Bilaspur,Chhattisgarh
Vertigo (Paroxysmal Positional Vertigo),ENT / Neurology,Balco Medical Centre,Korba,Chhattisgarh
Acne,Dermatology,Swastik Hospital,Bilaspur,Chhattisgarh
Urinary tract infection,Urology,Shree Ram Hospital,Raipur,Chhattisgarh
Psoriasis,Dermatology,Krishna Hospital,Durg,Chhattisgarh
Impetigo,Dermatology / Pediatrics,AIIMS Raipur,Raipur,Chhattisgarh
Fungal infection,Dermatology,Fortis Hospital,Amritsar,Punjab
Allergy,Immunology,Dayanand Medical College,Ludhiana,Punjab
GERD,Gastroenterology,The National Heart Institute,Amritsar,Punjab
Chronic cholestasis,Hepatology,PGI Chandigarh,Chandigarh,Punjab
Drug Reaction,Internal Medicine,Gurdev Hospital,Ludhiana,Punjab
Peptic ulcer disease,Gastroenterology,Santokh Hospital,Jalandhar,Punjab
AIDS,Infectious Diseases,Max Super Speciality Hospital,Amritsar,Punjab
Diabetes,Endocrinology,Indira Gandhi Institute of Diabetes,Ludhiana,Punjab
Gastroenteritis,Gastroenterology,Fortis Escorts Hospital,Ludhiana,Punjab
Bronchial Asthma,Pulmonology,Silver Oak Hospital,Jalandhar,Punjab
Hypertension,Cardiology,PGI Chandigarh,Chandigarh,Punjab
Migraine,Neurology,Fortis Hospital,Ludhiana,Punjab
Cervical spondylosis,Orthopedics,Shalby Hospital,Amritsar,Punjab
Paralysis (brain hemorrhage),Neurology,Punjab Institute of Neurosciences,Ludhiana,Punjab
Jaundice,Hepatology,Santokh Hospital,Jalandhar,Punjab
Malaria,General Medicine,GMCH Chandigarh,Chandigarh,Punjab
Chicken pox,Dermatology,Dr. Shamsher Hospital,Amritsar,Punjab
Dengue,Pulmonology,Fortis Hospital,Ludhiana,Punjab
Typhoid,Infectious Diseases,Santokh Hospital,Jalandhar,Punjab
Hepatitis A,Hepatology,Max Super Speciality Hospital,Amritsar,Punjab
Hepatitis B,Hepatology,PGI Chandigarh,Chandigarh,Punjab
Hepatitis C,Hepatology,Fortis Escorts Hospital,Ludhiana,Punjab
Hepatitis D,Hepatology,GMCH Chandigarh,Chandigarh,Punjab
Hepatitis E,Hepatology,Santokh Hospital,Jalandhar,Punjab
Alcoholic hepatitis,Hepatology,Dayanand Medical College,Ludhiana,Punjab
Tuberculosis,Pulmonology,Shalby Hospital,Amritsar,Punjab
Common Cold,General Medicine,Fortis Hospital,Ludhiana,Punjab
Pneumonia,Pulmonology,Max Super Speciality Hospital,Amritsar,Punjab
Dimorphic hemorrhoids (piles),Surgery,Dayanand Medical College,Ludhiana,Punjab
Heart attack,Cardiology,PGI Chandigarh,Chandigarh,Punjab
Varicose veins,Vascular Surgery,Shalby Hospital,Amritsar,Punjab
Hypothyroidism,Endocrinology,Fortis Escorts Hospital,Ludhiana,Punjab
Hyperthyroidism,Endocrinology,Indira Gandhi Institute of Diabetes,Ludhiana,Punjab
Hypoglycemia,Endocrinology,Max Super Speciality Hospital,Amritsar,Punjab
Osteoarthritis,Orthopedics,Punjab Institute of Neurosciences,Ludhiana,Punjab
Arthritis,Orthopedics,GMCH Chandigarh,Chandigarh,Punjab
Vertigo (Paroxysmal Positional Vertigo),ENT / Neurology,Santokh Hospital,Jalandhar,Punjab
Acne,Dermatology,Dr. Shamsher Hospital,Amritsar,Punjab
Urinary tract infection,Urology,Fortis Escorts Hospital,Ludhiana,Punjab
Psoriasis,Dermatology,Dayanand Medical College,Ludhiana,Punjab
Impetigo,Dermatology / Pediatrics,Max Super Speciality Hospital,Amritsar,Punjab
Fungal infection,Dermatology,Medanta Hospital,Gurugram,Haryana
Allergy,Immunology,Post Graduate Institute of Medical Sciences,Rohtak,Haryana
GERD,Gastroenterology,Fortis Memorial Research Institute,Gurugram,Haryana
Chronic cholestasis,Hepatology,BLK Super Speciality Hospital,Panipat,Haryana
Drug Reaction,Internal Medicine,Park Hospital,Faridabad,Haryana
Peptic ulcer disease,Gastroenterology,Paras Hospitals,Gurugram,Haryana
AIDS,Infectious Diseases,AIIMS Jhajjar,Jhajjar,Haryana
Diabetes,Endocrinology,Medanta Hospital,Gurugram,Haryana
Gastroenteritis,Gastroenterology,"Max Super Speciality Hospital,Sector 19",Faridabad,Haryana
Bronchial Asthma,Pulmonology,Fortis Memorial Research Institute,Gurugram,Haryana
Hypertension,Cardiology,Post Graduate Institute of Medical Sciences,Rohtak,Haryana
Migraine,Neurology,Paras Hospitals,Gurugram,Haryana
Cervical spondylosis,Orthopedics,Asian Institute of Medical Sciences,Faridabad,Haryana
Paralysis (brain hemorrhage),Neurology,AIIMS Jhajjar,Jhajjar,Haryana
Jaundice,Hepatology,Medanta Hospital,Gurugram,Haryana
Malaria,General Medicine,Max Super Speciality Hospital,Faridabad,Haryana
Chicken pox,Dermatology,Medanta Hospital,Gurugram,Haryana
Dengue,Pulmonology,Fortis Memorial Research Institute,Gurugram,Haryana
Typhoid,Infectious Diseases,Park Hospital,Faridabad,Haryana
Hepatitis A,Hepatology,BLK Super Speciality Hospital,Panipat,Haryana
Hepatitis B,Hepatology,Medanta Hospital,Gurugram,Haryana
Hepatitis C,Hepatology,Paras Hospitals,Gurugram,Haryana
Hepatitis D,Hepatology,AIIMS Jhajjar,Jhajjar,Haryana
Hepatitis E,Hepatology,Max Super Speciality Hospital,Faridabad,Haryana
Alcoholic hepatitis,Hepatology,Post Graduate Institute of Medical Sciences,Rohtak,Haryana
Tuberculosis,Pulmonology,Fortis Memorial Research Institute,Gurugram,Haryana
Common Cold,General Medicine,"Max Super Speciality Hospital,Sector 19",Faridabad,Haryana
Pneumonia,Pulmonology,Medanta Hospital,Gurugram,Haryana
Dimorphic hemorrhoids (piles),Surgery,Paras Hospitals,Gurugram,Haryana
Heart attack,Cardiology,Post Graduate Institute of Medical Sciences,Rohtak,Haryana
Varicose veins,Vascular Surgery,BLK Super Speciality Hospital,Panipat,Haryana
Hypothyroidism,Endocrinology,Fortis Memorial Research Institute,Gurugram,Haryana
Hyperthyroidism,Endocrinology,Medanta Hospital,Gurugram,Haryana
Hypoglycemia,Endocrinology,"Max Super Speciality Hospital,Sector 19",Faridabad,Haryana
Osteoarthritis,Orthopedics,Asian Institute of Medical Sciences,Faridabad,Haryana
Arthritis,Orthopedics,Paras Hospitals,Gurugram,Haryana
Vertigo (Paroxysmal Positional Vertigo),ENT / Neurology,Max Super Speciality Hospital,Faridabad,Haryana
Acne,Dermatology,Park Hospital,Faridabad,Haryana
Urinary tract infection,Urology,Medanta Hospital,Gurugram,Haryana
Psoriasis,Dermatology,Paras Hospitals,Gurugram,Haryana
Impetigo,Dermatology / Pediatrics,Fortis Memorial Research Institute,Gurugram,Haryana
Fungal infection,Dermatology,King George's Medical University,Lucknow,Uttar Pradesh
Allergy,Immunology,Medanta Hospital,Noida,Uttar Pradesh
GERD,Gastroenterology,SGPGI Lucknow,Lucknow,Uttar Pradesh
Chronic cholestasis,Hepatology,Max Super Speciality Hospital,Noida,Uttar Pradesh
Drug Reaction,Internal Medicine,All India Institute of Medical Sciences,Raebareli,Uttar Pradesh
Peptic ulcer disease,Gastroenterology,Fortis Hospital,Noida,Uttar Pradesh
AIDS,Infectious Diseases,Indraprastha Apollo Hospital,Noida,Uttar Pradesh
Diabetes,Endocrinology,Medanta Hospital,Noida,Uttar Pradesh
Gastroenteritis,Gastroenterology,King George's Medical University,Lucknow,Uttar Pradesh
Bronchial Asthma,Pulmonology,Max Super Speciality Hospital,Noida,Uttar Pradesh
Hypertension,Cardiology,SGPGI Lucknow,Lucknow,Uttar Pradesh
Migraine,Neurology,Fortis Hospital,Noida,Uttar Pradesh
Cervical spondylosis,Orthopedics,Amrapali Hospital,Varanasi,Uttar Pradesh
Paralysis (brain hemorrhage),Neurology,Sushila Tewari Memorial Hospital,Aligarh,Uttar Pradesh
Jaundice,Hepatology,Max Super Speciality Hospital,Noida,Uttar Pradesh
Malaria,General Medicine,KGMU Lucknow,Lucknow,Uttar Pradesh
Chicken pox,Dermatology,Fortis Hospital,Noida,Uttar Pradesh
Dengue,Pulmonology,King George's Medical University,Lucknow,Uttar Pradesh
Typhoid,Infectious Diseases,Sushila Tewari Memorial Hospital,Aligarh,Uttar Pradesh
Hepatitis A,Hepatology,Medanta Hospital,Noida,Uttar Pradesh
Hepatitis B,Hepatology,Max Super Speciality Hospital,Noida,Uttar Pradesh
Hepatitis C,Hepatology,SGPGI Lucknow,Lucknow,Uttar Pradesh
Hepatitis D,Hepatology,King George's Medical University,Lucknow,Uttar Pradesh
Hepatitis E,Hepatology,Indraprastha Apollo Hospital,Noida,Uttar Pradesh
Alcoholic hepatitis,Hepatology,Fortis Hospital,Noida,Uttar Pradesh
Tuberculosis,Pulmonology,Sushila Tewari Memorial Hospital,Aligarh,Uttar Pradesh
Common Cold,General Medicine,Max Super Speciality Hospital,Noida,Uttar Pradesh
Pneumonia,Pulmonology,SGPGI Lucknow,Lucknow,Uttar Pradesh
Dimorphic hemorrhoids (piles),Surgery,Medanta Hospital,Noida,Uttar Pradesh
Heart attack,Cardiology,King George's Medical University,Lucknow,Uttar Pradesh
Varicose veins,Vascular Surgery,Max Super Speciality Hospital,Noida,Uttar Pradesh
Hypothyroidism,Endocrinology,Fortis Hospital,Noida,Uttar Pradesh
Hyperthyroidism,Endocrinology,Medanta Hospital,Noida,Uttar Pradesh
Hypoglycemia,Endocrinology,SGPGI Lucknow,Lucknow,Uttar Pradesh
Osteoarthritis,Orthopedics,Amrapali Hospital,Varanasi,Uttar Pradesh
Arthritis,Orthopedics,King George's Medical University,Lucknow,Uttar Pradesh
Vertigo (Paroxysmal Positional Vertigo),ENT / Neurology,Fortis Hospital,Noida,Uttar Pradesh
Acne,Dermatology,Medanta Hospital,Noida,Uttar Pradesh
Urinary tract infection,Urology,SGPGI Lucknow,Lucknow,Uttar Pradesh
Psoriasis,Dermatology,King George's Medical University,Lucknow,Uttar Pradesh
Impetigo,Dermatology / Pediatrics,Max Super Speciality Hospital,Noida,Uttar Pradesh
Fungal infection,Dermatology,AIIMS Delhi,Delhi,Delhi
Allergy,Immunology,Max Super Speciality Hospital,Delhi,Delhi
GERD,Gastroenterology,Fortis Memorial Research Institute,Delhi,Delhi
Chronic cholestasis,Hepatology,Medanta - The Medicity,Delhi,Delhi
Drug Reaction,Internal Medicine,Sir Ganga Ram Hospital,Delhi,Delhi
Peptic ulcer disease,Gastroenterology,AIIMS Delhi,Delhi,Delhi
AIDS,Infectious Diseases,Indraprastha Apollo Hospital,Delhi,Delhi
Diabetes,Endocrinology,Max Super Speciality Hospital,Delhi,Delhi
Gastroenteritis,Gastroenterology,Sir Ganga Ram Hospital,Delhi,Delhi
Bronchial Asthma,Pulmonology,Fortis Memorial Research Institute,Delhi,Delhi
Hypertension,Cardiology,AIIMS Delhi,Delhi,Delhi
Migraine,Neurology,Max Super Speciality Hospital,Delhi,Delhi
Cervical spondylosis,Orthopedics,Artemis Hospital,Delhi,Delhi
Paralysis (brain hemorrhage),Neurology,Medanta - The Medicity,Delhi,Delhi
Jaundice,Hepatology,Max Super Speciality Hospital,Delhi,Delhi
Malaria,General Medicine,AIIMS Delhi,Delhi,Delhi
Chicken pox,Dermatology,Sir Ganga Ram Hospital,Delhi,Delhi
Dengue,Pulmonology,Fortis Memorial Research Institute,Delhi,Delhi
Typhoid,Infectious Diseases,Medanta - The Medicity,Delhi,Delhi
Hepatitis A,Hepatology,AIIMS Delhi,Delhi,Delhi
Hepatitis B,Hepatology,Max Super Speciality Hospital,Delhi,Delhi
Hepatitis C,Hepatology,Indraprastha Apollo Hospital,Delhi,Delhi
Hepatitis D,Hepatology,Fortis Memorial Research Institute,Delhi,Delhi
Hepatitis E,Hepatology,Sir Ganga Ram Hospital,Delhi,Delhi
Alcoholic hepatitis,Hepatology,Medanta - The Medicity,Delhi,Delhi
Tuberculosis,Pulmonology,AIIMS Delhi,Delhi,Delhi
Common Cold,General Medicine,Max Super Speciality Hospital,Delhi,Delhi
Pneumonia,Pulmonology,Indraprastha Apollo Hospital,Delhi,Delhi
Dimorphic hemorrhoids (piles),Surgery,Sir Ganga Ram Hospital,Delhi,Delhi
Heart attack,Cardiology,Medanta - The Medicity,Delhi,Delhi
Varicose veins,Vascular Surgery,Fortis Memorial Research Institute,Delhi,Delhi
Hypothyroidism,Endocrinology,AIIMS Delhi,Delhi,Delhi
Hyperthyroidism,Endocrinology,Max Super Speciality Hospital,Delhi,Delhi
Hypoglycemia,Endocrinology,Sir Ganga Ram Hospital,Delhi,Delhi
Osteoarthritis,Orthopedics,Artemis Hospital,Delhi,Delhi
Arthritis,Orthopedics,Indraprastha Apollo Hospital,Delhi,Delhi
Vertigo (Paroxysmal Positional Vertigo),ENT / Neurology,Medanta - The Medicity,Delhi,Delhi
Acne,Dermatology,Sir Ganga Ram Hospital,Delhi,Delhi
Urinary tract infection,Urology,Max Super Speciality Hospital,Delhi,Delhi
Psoriasis,Dermatology,Indraprastha Apollo Hospital,Delhi,Delhi
Impetigo,Dermatology / Pediatrics,AIIMS Delhi,Delhi,Delhi
Fungal infection,Dermatology,Medanta The Medicity,Ahmedabad,Gujarat
Allergy,Immunology,Shreeji Hospital,Surat,Gujarat
GERD,Gastroenterology,CMC Hospital,Vadodara,Gujarat
Chronic cholestasis,Hepatology,Charutar Arogya Mandal,Anand,Gujarat
Drug Reaction,Internal Medicine,Healthway Hospital,Ahmedabad,Gujarat
Peptic ulcer disease,Gastroenterology,Shraddha Hospital,Surat,Gujarat
AIDS,Infectious Diseases,Shree Krishna Hospital,Karamsad,Gujarat
Diabetes,Endocrinology,Ahmedabad Diabetes Care Centre,Ahmedabad,Gujarat
Gastroenteritis,Gastroenterology,Fortis Hospital,Surat,Gujarat
Bronchial Asthma,Pulmonology,Surbhi Hospital,Vadodara,Gujarat
Hypertension,Cardiology,Medanta The Medicity,Ahmedabad,Gujarat
Migraine,Neurology,Parul Hospital,Vadodara,Gujarat
Cervical spondylosis,Orthopedics,Dr. Vora’s Orthopedic Clinic,Surat,Gujarat
Paralysis (brain hemorrhage),Neurology,Sarvodaya Hospital,Ahmedabad,Gujarat
Jaundice,Hepatology,Amrut Hospital,Vadodara,Gujarat
Malaria,General Medicine,Sunshine Global Hospital,Surat,Gujarat
Chicken pox,Dermatology,Medilink Hospital,Ahmedabad,Gujarat
Dengue,Pulmonology,Shree Krishna Hospital,Karamsad,Gujarat
Typhoid,Infectious Diseases,Fortis Hospital,Surat,Gujarat
Hepatitis A,Hepatology,Shreeji Hospital,Surat,Gujarat
Hepatitis B,Hepatology,CMC Hospital,Vadodara,Gujarat
Hepatitis C,Hepatology,Sunshine Global Hospital,Surat,Gujarat
Hepatitis D,Hepatology,Medanta The Medicity,Ahmedabad,Gujarat
Hepatitis E,Hepatology,Sarvodaya Hospital,Ahmedabad,Gujarat
Alcoholic hepatitis,Hepatology,Healthway Hospital,Ahmedabad,Gujarat
Tuberculosis,Pulmonology,Medilink Hospital,Ahmedabad,Gujarat
Common Cold,General Medicine,Charutar Arogya Mandal,Anand,Gujarat
Pneumonia,Pulmonology,Fortis Hospital,Surat,Gujarat
Dimorphic hemorrhoids (piles),Surgery,Sunshine Global Hospital,Surat,Gujarat
Heart attack,Cardiology,Medanta The Medicity,Ahmedabad,Gujarat
Varicose veins,Vascular Surgery,Shraddha Hospital,Surat,Gujarat
Hypothyroidism,Endocrinology,Ahmedabad Diabetes Care Centre,Ahmedabad,Gujarat
Hyperthyroidism,Endocrinology,Parul Hospital,Vadodara,Gujarat
Hypoglycemia,Endocrinology,Shree Krishna Hospital,Karamsad,Gujarat
Osteoarthritis,Orthopedics,Sarvodaya Hospital,Ahmedabad,Gujarat
Arthritis,Orthopedics,Medanta The Medicity,Ahmedabad,Gujarat
Vertigo (Paroxysmal Positional Vertigo),ENT / Neurology,Medilink Hospital,Ahmedabad,Gujarat
Acne,Dermatology,Dr. Vora’s Orthopedic Clinic,Surat,Gujarat
Urinary tract infection,Urology,Shreeji Hospital,Surat,Gujarat
Psoriasis,Dermatology,Fortis Hospital,Surat,Gujarat
Impetigo,Dermatology / Pediatrics,CMC Hospital,Vadodara,Gujarat
Fungal infection,Dermatology,Guahati Medical College Hospital,Guwahati,Assam
Allergy,Immunology,Shija Hospital,Imphal,Manipur
GERD,Gastroenterology,International Hospital,Tezpur,Assam
Chronic cholestasis,Hepatology,Assam Medical College,Digboi,Assam
Drug Reaction,Internal Medicine,Dispur Hospitals,Guwahati,Assam
Peptic ulcer disease,Gastroenterology,Hayat Hospital,Silchar,Assam
AIDS,Infectious Diseases,GNRC Hospitals,Guwahati,Assam
Diabetes,Endocrinology,Shija Hospital,Imphal,Manipur
Gastroenteritis,Gastroenterology,Assam Medical College,Digboi,Assam
Bronchial Asthma,Pulmonology,Dispur Hospitals,Guwahati,Assam
Hypertension,Cardiology,Hayat Hospital,Silchar,Assam
Migraine,Neurology,International Hospital,Tezpur,Assam
Cervical spondylosis,Orthopedics,GNRC Hospitals,Guwahati,Assam
Paralysis (brain hemorrhage),Neurology,Assam Medical College,Digboi,Assam
Jaundice,Hepatology,Shija Hospital,Imphal,Manipur
Malaria,General Medicine,Dispur Hospitals,Guwahati,Assam
Chicken pox,Dermatology,Hayat Hospital,Silchar,Assam
Dengue,Pulmonology,Guahati Medical College Hospital,Guwahati,Assam
Typhoid,Infectious Diseases,GNRC Hospitals,Guwahati,Assam
Hepatitis A,Hepatology,International Hospital,Tezpur,Assam
Hepatitis B,Hepatology,Hayat Hospital,Silchar,Assam
Hepatitis C,Hepatology,Dispur Hospitals,Guwahati,Assam
Hepatitis D,Hepatology,Assam Medical College,Digboi,Assam
Hepatitis E,Hepatology,GNRC Hospitals,Guwahati,Assam
Alcoholic hepatitis,Hepatology,Guahati Medical College Hospital,Guwahati,Assam
Tuberculosis,Pulmonology,Hayat Hospital,Silchar,Assam
Common Cold,General Medicine,Shija Hospital,Imphal,Manipur
Pneumonia,Pulmonology,Dispur Hospitals,Guwahati,Assam
Dimorphic hemorrhoids (piles),Surgery,Assam Medical College,Digboi,Assam
Heart attack,Cardiology,Guahati Medical College Hospital,Guwahati,Assam
Varicose veins,Vascular Surgery,Shija Hospital,Imphal,Manipur
Hypothyroidism,Endocrinology,GNRC Hospitals,Guwahati,Assam
Hyperthyroidism,Endocrinology,International Hospital,Tezpur,Assam
Hypoglycemia,Endocrinology,Hayat Hospital,Silchar,Assam
Osteoarthritis,Orthopedics,Dispur Hospitals,Guwahati,Assam
Arthritis,Orthopedics,Assam Medical College,Digboi,Assam
Vertigo (Paroxysmal Positional Vertigo),ENT / Neurology,GNRC Hospitals,Guwahati,Assam
Acne,Dermatology,Shija Hospital,Imphal,Manipur
Urinary tract infection,Urology,Assam Medical College,Digboi,Assam
Psoriasis,Dermatology,Dispur Hospitals,Guwahati,Assam
Impetigo,Dermatology / Pediatrics,Hayat Hospital,Silchar,Assam
common cold,General Medicine,Gandhi Hospital,Secunderabad,Telangana
allergy,Immunology,Yashoda Hospitals,Hyderabad,Telangana
bronchitis,Pulmonology,AIG Hospitals,Hyderabad,Telangana
asthma,Pulmonology,AIG Hospitals,Hyderabad,Telangana
acid reflux,Gastroenterology,Asian Institute of Gastroenterology,Hyderabad,Telangana
sinusitis,ENT,ENT Hospital Koti,Hyderabad,Telangana
stomach flu,Gastroenterology,Yashoda Hospitals,Hyderabad,Telangana
constipation,Gastroenterology,AIG Hospitals,Hyderabad,Telangana
depression,Psychiatry,Niloufer Hospital,Hyderabad,Telangana
anxiety,Psychiatry,Niloufer Hospital,Hyderabad,Telangana
urinary tract infection,Urology,NIMS,Hyderabad,Telangana
food poisoning,General Medicine,Gandhi Hospital,Secunderabad,Telangana
migraine,Neurology,Care Hospitals,Hyderabad,Telangana
thyroid disorder,Endocrinology,Yashoda Hospitals,Hyderabad,Telangana
covid-19,Infectious Diseases,Gandhi Hospital,Secunderabad,Telangana
pneumonia,Pulmonology,AIG Hospitals,Hyderabad,Telangana
appendicitis,General Surgery,Osmania General Hospital,Hyderabad,Telangana
arthritis,Rheumatology,NIMS,Hyderabad,Telangana
hypertension,Cardiology,Care Hospitals,Hyderabad,Telangana
measles,Pediatrics,Niloufer Hospital,Hyderabad,Telangana
flu,General Medicine,Gandhi Hospital,Secunderabad,Telangana
eczema,Dermatology,Yashoda Hospitals,Hyderabad,Telangana
tuberculosis,Pulmonology,Government Chest Hospital,Erragadda,Telangana
chickenpox,Dermatology,Osmania General Hospital,Hyderabad,Telangana
diabetes,Endocrinology,NIMS,Hyderabad,Telangana
jaundice,Gastroenterology,AIG Hospitals,Hyderabad,Telangana
dengue,General Medicine,Gandhi Hospital,Secunderabad,Telangana
malaria,General Medicine,Gandhi Hospital,Secunderabad,Telangana
typhoid,General Medicine,Osmania General Hospital,Hyderabad,Telangana
common cold,General Medicine,Bangalore Medical College and Research Institute,Bangalore,Karnataka
allergy,Immunology,Manipal Hospital,Bangalore,Karnataka
bronchitis,Pulmonology,Rajiv Gandhi Institute of Chest Diseases,Bangalore,Karnataka
asthma,Pulmonology,Rajiv Gandhi Institute of Chest Diseases,Bangalore,Karnataka
acid reflux,Gastroenterology,Vikram Hospital,Bangalore,Karnataka
sinusitis,ENT,Narayana Health City,Bangalore,Karnataka
stomach flu,Gastroenterology,Manipal Hospital,Bangalore,Karnataka
constipation,Gastroenterology,Fortis Hospital,Bangalore,Karnataka
depression,Psychiatry,NIMHANS,Bangalore,Karnataka
anxiety,Psychiatry,NIMHANS,Bangalore,Karnataka
urinary tract infection,Urology,Kidney Foundation Hospital,Bangalore,Karnataka
food poisoning,General Medicine,Bangalore Medical College and Research Institute,Bangalore,Karnataka
migraine,Neurology,NIMHANS,Bangalore,Karnataka
thyroid disorder,Endocrinology,Manipal Hospital,Bangalore,Karnataka
covid-19,Infectious Diseases,Bangalore Medical College and Research Institute,Bangalore,Karnataka
pneumonia,Pulmonology,Rajiv Gandhi Institute of Chest Diseases,Bangalore,Karnataka
appendicitis,General Surgery,K.C. General Hospital,Bangalore,Karnataka
arthritis,Rheumatology,Manipal Hospital,Bangalore,Karnataka
hypertension,Cardiology,Narayana Institute of Cardiac Sciences,Bangalore,Karnataka
measles,Pediatrics,Indira Gandhi Institute of Child Health,Bangalore,Karnataka
flu,General Medicine,K.C. General Hospital,Bangalore,Karnataka
eczema,Dermatology,Bowring and Lady Curzon Hospital,Bangalore,Karnataka
tuberculosis,Pulmonology,Rajiv Gandhi Institute of Chest Diseases,Bangalore,Karnataka
chickenpox,Dermatology,Bowring and Lady Curzon Hospital,Bangalore,Karnataka
diabetes,Endocrinology,Manipal Hospital,Bangalore,Karnataka
jaundice,Gastroenterology,Fortis Hospital,Bangalore,Karnataka
dengue,General Medicine,Victoria Hospital,Bangalore,Karnataka
malaria,General Medicine,Victoria Hospital,Bangalore,Karnataka
typhoid,General Medicine,K.C. General Hospital,Bangalore,Karnataka
common cold,General Medicine,JJ Hospital,Mumbai,Maharashtra
allergy,Immunology,KEM Hospital,Mumbai,Maharashtra
bronchitis,Pulmonology,TN Medical College & BYL Nair Hospital,Mumbai,Maharashtra
asthma,Pulmonology,LTMG Hospital (Sion Hospital),Mumbai,Maharashtra
acid reflux,Gastroenterology,Tata Memorial Hospital,Mumbai,Maharashtra
sinusitis,ENT,Sir H. N. Reliance Foundation Hospital,Mumbai,Maharashtra
stomach flu,Gastroenterology,Global Hospital,Mumbai,Maharashtra
constipation,Gastroenterology,Lilavati Hospital,Mumbai,Maharashtra
depression,Psychiatry,KEM Hospital,Mumbai,Maharashtra
anxiety,Psychiatry,KEM Hospital,Mumbai,Maharashtra
urinary tract infection,Urology,Jaslok Hospital,Mumbai,Maharashtra
food poisoning,General Medicine,JJ Hospital,Mumbai,Maharashtra
migraine,Neurology,P. D. Hinduja National Hospital,Mumbai,Maharashtra
thyroid disorder,Endocrinology,Lilavati Hospital,Mumbai,Maharashtra
covid-19,Infectious Diseases,SevenHills Hospital,Mumbai,Maharashtra
pneumonia,Pulmonology,KEM Hospital,Mumbai,Maharashtra
appendicitis,General Surgery,JJ Hospital,Mumbai,Maharashtra
arthritis,Rheumatology,Global Hospital,Mumbai,Maharashtra
hypertension,Cardiology,Tata Memorial Hospital,Mumbai,Maharashtra
measles,Pediatrics,JJ Hospital,Mumbai,Maharashtra
flu,General Medicine,JJ Hospital,Mumbai,Maharashtra
eczema,Dermatology,Sir H. N. Reliance Foundation Hospital,Mumbai,Maharashtra
tuberculosis,Pulmonology,Sewri TB Hospital,Mumbai,Maharashtra
chickenpox,Dermatology,KEM Hospital,Mumbai,Maharashtra
diabetes,Endocrinology,Lilavati Hospital,Mumbai,Maharashtra
jaundice,Gastroenterology,Global Hospital,Mumbai,Maharashtra
dengue,General Medicine,JJ Hospital,Mumbai,Maharashtra
malaria,General Medicine,JJ Hospital,Mumbai,Maharashtra
typhoid,General Medicine,LTMG Hospital (Sion Hospital),Mumbai,Maharashtra
common cold,General Medicine,Government Medical College and Hospital,Amritsar,Punjab
allergy,Immunology,Fortis Hospital,Mohali,Punjab
bronchitis,Pulmonology,DMC Hospital,Ludhiana,Punjab
asthma,Pulmonology,DMC Hospital,Ludhiana,Punjab
acid reflux,Gastroenterology,Dayanand Medical College and Hospital,Ludhiana,Punjab
sinusitis,ENT,Guru Gobind Singh Medical College,Faridkot,Punjab
stomach flu,Gastroenterology,Fortis Hospital,Mohali,Punjab
constipation,Gastroenterology,Max Super Speciality Hospital,Bathinda,Punjab
depression,Psychiatry,Government Medical College and Hospital,Patiala,Punjab
anxiety,Psychiatry,Government Medical College and Hospital,Patiala,Punjab
urinary tract infection,Urology,DMC Hospital,Ludhiana,Punjab
food poisoning,General Medicine,Government Rajindra Hospital,Patiala,Punjab
migraine,Neurology,DMC Hospital,Ludhiana,Punjab
thyroid disorder,Endocrinology,Fortis Hospital,Mohali,Punjab
covid-19,Infectious Diseases,Guru Nanak Dev Hospital,Amritsar,Punjab
pneumonia,Pulmonology,DMC Hospital,Ludhiana,Punjab
appendicitis,General Surgery,Guru Gobind Singh Medical College,Faridkot,Punjab
arthritis,Rheumatology,Max Hospital,Bathinda,Punjab
hypertension,Cardiology,Fortis Hospital,Mohali,Punjab
measles,Pediatrics,Government Medical College,Patiala,Punjab
flu,General Medicine,Government Medical College and Hospital,Amritsar,Punjab
eczema,Dermatology,DMC Hospital,Ludhiana,Punjab
tuberculosis,Pulmonology,Tuberculosis Hospital,Ludhiana,Punjab
chickenpox,Dermatology,Guru Nanak Dev Hospital,Amritsar,Punjab
diabetes,Endocrinology,Fortis Hospital,Mohali,Punjab
jaundice,Gastroenterology,Max Super Speciality Hospital,Bathinda,Punjab
dengue,General Medicine,Government Rajindra Hospital,Patiala,Punjab
malaria,General Medicine,Guru Nanak Dev Hospital,Amritsar,Punjab
typhoid,General Medicine,Guru Gobind Singh Medical College,Faridkot,Punjab
common cold,General Medicine,Government General Hospital,Vijayawada,Andhra Pradesh
allergy,Immunology,Andhra Hospitals,Vijayawada,Andhra Pradesh
bronchitis,Pulmonology,Guntur Government Hospital,Guntur,Andhra Pradesh
asthma,Pulmonology,Siddhartha Medical College,Vijayawada,Andhra Pradesh
acid reflux,Gastroenterology,Andhra Hospitals,Vijayawada,Andhra Pradesh
sinusitis,ENT,ENT Hospital,Vishakhapatnam,Andhra Pradesh
stomach flu,Gastroenterology,GITAM Hospital,Vishakhapatnam,Andhra Pradesh
constipation,Gastroenterology,Ramesh Hospitals,Guntur,Andhra Pradesh
depression,Psychiatry,Government General Hospital,Vijayawada,Andhra Pradesh
anxiety,Psychiatry,Government General Hospital,Vijayawada,Andhra Pradesh
urinary tract infection,Urology,Ramesh Hospitals,Guntur,Andhra Pradesh
food poisoning,General Medicine,Government General Hospital,Guntur,Andhra Pradesh
migraine,Neurology,GITAM Hospital,Vishakhapatnam,Andhra Pradesh
thyroid disorder,Endocrinology,Ramesh Hospitals,Guntur,Andhra Pradesh
covid-19,Infectious Diseases,Government General Hospital,Vijayawada,Andhra Pradesh
pneumonia,Pulmonology,Siddhartha Medical College,Vijayawada,Andhra Pradesh
appendicitis,General Surgery,Guntur Government Hospital,Guntur,Andhra Pradesh
arthritis,Rheumatology,Andhra Hospitals,Vijayawada,Andhra Pradesh
hypertension,Cardiology,Ramesh Cardiac and Multispeciality Hospital,Guntur,Andhra Pradesh
measles,Pediatrics,Government General Hospital,Vijayawada,Andhra Pradesh
flu,General Medicine,Government General Hospital,Vijayawada,Andhra Pradesh
eczema,Dermatology,Andhra Hospitals,Vijayawada,Andhra Pradesh
tuberculosis,Pulmonology,Tuberculosis Hospital,Vishakhapatnam,Andhra Pradesh
chickenpox,Dermatology,Guntur Government Hospital,Guntur,Andhra Pradesh
diabetes,Endocrinology,Ramesh Hospitals,Guntur,Andhra Pradesh
jaundice,Gastroenterology,GITAM Hospital,Vishakhapatnam,Andhra Pradesh
dengue,General Medicine,Government General Hospital,Guntur,Andhra Pradesh
malaria,General Medicine,Government General Hospital,Vijayawada,Andhra Pradesh
typhoid,General Medicine,Siddhartha Medical College,Vijayawada,Andhra Pradesh
common cold,General Medicine,GMCH (Gauhati Medical College and Hospital),Guwahati,Assam
allergy,Immunology,Apollo Hospitals,Guwahati,Assam
bronchitis,Pulmonology,Hayat Hospital,Guwahati,Assam
asthma,Pulmonology,Dispur Hospital,Guwahati,Assam
acid reflux,Gastroenterology,Pratiksha Hospital,Guwahati,Assam
sinusitis,ENT,GNRC Hospitals,Guwahati,Assam
stomach flu,Gastroenterology,GNRC Hospitals,Guwahati,Assam
constipation,Gastroenterology,Ayursundra Super Specialty Hospital,Guwahati,Assam
depression,Psychiatry,GMCH (Psychiatry Dept),Guwahati,Assam
anxiety,Psychiatry,GMCH (Psychiatry Dept),Guwahati,Assam
urinary tract infection,Urology,Apollo Hospitals,Guwahati,Assam
food poisoning,General Medicine,GMCH,Guwahati,Assam
migraine,Neurology,Down Town Hospital,Guwahati,Assam
thyroid disorder,Endocrinology,Ayursundra Super Specialty Hospital,Guwahati,Assam
covid-19,Infectious Diseases,GMCH,Guwahati,Assam
pneumonia,Pulmonology,Dispur Hospital,Guwahati,Assam
appendicitis,General Surgery,GNRC Hospitals,Guwahati,Assam
arthritis,Rheumatology,Apollo Hospitals,Guwahati,Assam
hypertension,Cardiology,Hayat Hospital,Guwahati,Assam
measles,Pediatrics,GMCH,Guwahati,Assam
flu,General Medicine,GMCH,Guwahati,Assam
eczema,Dermatology,Pratiksha Hospital,Guwahati,Assam
tuberculosis,Pulmonology,Assam Medical College and Hospital,Dibrugarh,Assam
chickenpox,Dermatology,Down Town Hospital,Guwahati,Assam
diabetes,Endocrinology,Apollo Hospitals,Guwahati,Assam
jaundice,Gastroenterology,GNRC Hospitals,Guwahati,Assam
dengue,General Medicine,GMCH,Guwahati,Assam
malaria,General Medicine,GMCH,Guwahati,Assam
typhoid,General Medicine,Dispur Hospital,Guwahati,Assam
common cold,General Medicine,IPGMER and SSKM Hospital,Kolkata,West Bengal
allergy,Immunology,Apollo Gleneagles Hospital,Kolkata,West Bengal
bronchitis,Pulmonology,AMRI Hospital,Kolkata,West Bengal
asthma,Pulmonology,Fortis Hospital,Kolkata,West Bengal
acid reflux,Gastroenterology,Medica Superspecialty Hospital,Kolkata,West Bengal
sinusitis,ENT,Peerless Hospital,Kolkata,West Bengal
stomach flu,Gastroenterology,Apollo Gleneagles Hospital,Kolkata,West Bengal
constipation,Gastroenterology,Fortis Hospital,Kolkata,West Bengal
depression,Psychiatry,Institute of Psychiatry,Kolkata,West Bengal
anxiety,Psychiatry,Institute of Psychiatry,Kolkata,West Bengal
urinary tract infection,Urology,AMRI Hospital,Kolkata,West Bengal
food poisoning,General Medicine,IPGMER and SSKM Hospital,Kolkata,West Bengal
migraine,Neurology,Medica Superspecialty Hospital,Kolkata,West Bengal
thyroid disorder,Endocrinology,Apollo Gleneagles Hospital,Kolkata,West Bengal
covid-19,Infectious Diseases,Beliaghata ID Hospital,Kolkata,West Bengal
pneumonia,Pulmonology,Fortis Hospital,Kolkata,West Bengal
appendicitis,General Surgery,Peerless Hospital,Kolkata,West Bengal
arthritis,Rheumatology,AMRI Hospital,Kolkata,West Bengal
hypertension,Cardiology,Ruby General Hospital,Kolkata,West Bengal
measles,Pediatrics,IPGMER and SSKM Hospital,Kolkata,West Bengal
flu,General Medicine,Fortis Hospital,Kolkata,West Bengal
eczema,Dermatology,Medica Superspecialty Hospital,Kolkata,West Bengal
tuberculosis,Pulmonology,Beliaghata TB Hospital,Kolkata,West Bengal
chickenpox,Dermatology,Peerless Hospital,Kolkata,West Bengal
diabetes,Endocrinology,Ruby General Hospital,Kolkata,West Bengal
jaundice,Gastroenterology,Apollo Gleneagles Hospital,Kolkata,West Bengal
dengue,General Medicine,IPGMER and SSKM Hospital,Kolkata,West Bengal
malaria,General Medicine,AMRI Hospital,Kolkata,West Bengal
typhoid,General Medicine,Fortis Hospital,Kolkata,West Bengal
common cold,General Medicine,AIIMS,New Delhi,Delhi
allergy,Immunology,Max Super Speciality Hospital,Saket,Delhi
bronchitis,Pulmonology,BLK-Max Super Speciality Hospital,New Delhi,Delhi
asthma,Pulmonology,AIIMS,New Delhi,Delhi
acid reflux,Gastroenterology,Gangaram Hospital,New Delhi,Delhi
sinusitis,ENT,Indraprastha Apollo Hospital,New Delhi,Delhi
stomach flu,Gastroenterology,Max Hospital,Saket,Delhi
constipation,Gastroenterology,Fortis Escorts Heart Institute,New Delhi,Delhi
depression,Psychiatry,IBHAS,New Delhi,Delhi
anxiety,Psychiatry,IBHAS,New Delhi,Delhi
urinary tract infection,Urology,BLK-Max Hospital,New Delhi,Delhi
food poisoning,General Medicine,AIIMS,New Delhi,Delhi
migraine,Neurology,Max Super Speciality Hospital,Saket,Delhi
thyroid disorder,Endocrinology,Gangaram Hospital,New Delhi,Delhi
covid-19,Infectious Diseases,AIIMS Trauma Centre,New Delhi,Delhi
pneumonia,Pulmonology,BLK-Max Super Speciality Hospital,New Delhi,Delhi
appendicitis,General Surgery,AIIMS,New Delhi,Delhi
arthritis,Rheumatology,Fortis Hospital,Shalimar Bagh,Delhi
hypertension,Cardiology,Indraprastha Apollo Hospital,New Delhi,Delhi
measles,Pediatrics,Kalawati Saran Children's Hospital,New Delhi,Delhi
flu,General Medicine,AIIMS,New Delhi,Delhi
eczema,Dermatology,Max Super Speciality Hospital,Saket,Delhi
tuberculosis,Pulmonology,TB Hospital,Mehrauli,Delhi
chickenpox,Dermatology,Gangaram Hospital,New Delhi,Delhi
diabetes,Endocrinology,Fortis Hospital,Shalimar Bagh,Delhi
jaundice,Gastroenterology,Indraprastha Apollo Hospital,New Delhi,Delhi
dengue,General Medicine,AIIMS,New Delhi,Delhi
malaria,General Medicine,BLK-Max Hospital,New Delhi,Delhi
typhoid,General Medicine,Max Super Speciality Hospital,Saket,Delhi
common cold,General Medicine,Stanley Medical College,Chennai,Tamil Nadu
allergy,Immunology,MIOT International,Chennai,Tamil Nadu
bronchitis,Pulmonology,KMCH (Kovai Medical Center),Coimbatore,Tamil Nadu
asthma,Pulmonology,Rajiv Gandhi Government General Hospital,Chennai,Tamil Nadu
acid reflux,Gastroenterology,Global Hospitals,Chennai,Tamil Nadu
sinusitis,ENT,Sankara Nethralaya,Chennai,Tamil Nadu
stomach flu,Gastroenterology,MIOT International,Chennai,Tamil Nadu
constipation,Gastroenterology,Kauvery Hospital,Chennai,Tamil Nadu
depression,Psychiatry,Institute of Mental Health,Chennai,Tamil Nadu
anxiety,Psychiatry,Institute of Mental Health,Chennai,Tamil Nadu
urinary tract infection,Urology,KMC (Kilpauk Medical College),Chennai,Tamil Nadu
food poisoning,General Medicine,Stanley Medical College,Chennai,Tamil Nadu
migraine,Neurology,KMCH (Kovai Medical Center),Coimbatore,Tamil Nadu
thyroid disorder,Endocrinology,Apollo Hospitals,Chennai,Tamil Nadu
covid-19,Infectious Diseases,RGGGH (Rajiv Gandhi Govt. Hospital),Chennai,Tamil Nadu
pneumonia,Pulmonology,Global Hospitals,Chennai,Tamil Nadu
appendicitis,General Surgery,Stanley Medical College,Chennai,Tamil Nadu
arthritis,Rheumatology,MIOT International,Chennai,Tamil Nadu
hypertension,Cardiology,Fortis Malar Hospital,Chennai,Tamil Nadu
measles,Pediatrics,Institute of Child Health and Hospital,Chennai,Tamil Nadu
flu,General Medicine,Kauvery Hospital,Chennai,Tamil Nadu
eczema,Dermatology,Apollo Hospitals,Chennai,Tamil Nadu
tuberculosis,Pulmonology,Tuberculosis Sanatorium,Tambaram,Tamil Nadu
chickenpox,Dermatology,Stanley Medical College,Chennai,Tamil Nadu
diabetes,Endocrinology,Apollo Hospitals,Chennai,Tamil Nadu
jaundice,Gastroenterology,Global Hospitals,Chennai,Tamil Nadu
dengue,General Medicine,RGGGH (Rajiv Gandhi Govt. Hospital),Chennai,Tamil Nadu
malaria,General Medicine,KMC (Kilpauk Medical College),Chennai,Tamil Nadu
typhoid,General Medicine,Stanley Medical College,Chennai,Tamil Nadu
common cold,General Medicine,SGPGI,Lucknow,Uttar Pradesh
allergy,Immunology,SGPGI,Lucknow,Uttar Pradesh
bronchitis,Pulmonology,SGPGI,Lucknow,Uttar Pradesh
asthma,Pulmonology,SGPGI,Lucknow,Uttar Pradesh
acid reflux,Gastroenterology,SGPGI,Lucknow,Uttar Pradesh
sinusitis,ENT,SGPGI,Lucknow,Uttar Pradesh
stomach flu,Gastroenterology,SGPGI,Lucknow,Uttar Pradesh
constipation,Gastroenterology,SGPGI,Lucknow,Uttar Pradesh
depression,Psychiatry,SGPGI,Lucknow,Uttar Pradesh
anxiety,Psychiatry,SGPGI,Lucknow,Uttar Pradesh
urinary tract infection,Urology,SGPGI,Lucknow,Uttar Pradesh
food poisoning,General Medicine,SGPGI,Lucknow,Uttar Pradesh
migraine,Neurology,SGPGI,Lucknow,Uttar Pradesh
thyroid disorder,Endocrinology,SGPGI,Lucknow,Uttar Pradesh
covid-19,Infectious Diseases,SGPGI,Lucknow,Uttar Pradesh
pneumonia,Pulmonology,SGPGI,Lucknow,Uttar Pradesh
appendicitis,General Surgery,SGPGI,Lucknow,Uttar Pradesh
arthritis,Rheumatology,SGPGI,Lucknow,Uttar Pradesh
hypertension,Cardiology,SGPGI,Lucknow,Uttar Pradesh
measles,Pediatrics,SGPGI,Lucknow,Uttar Pradesh
flu,General Medicine,SGPGI,Lucknow,Uttar Pradesh
eczema,Dermatology,SGPGI,Lucknow,Uttar Pradesh
tuberculosis,Pulmonology,SGPGI,Lucknow,Uttar Pradesh
chickenpox,Dermatology,SGPGI,Lucknow,Uttar Pradesh
diabetes,Endocrinology,SGPGI,Lucknow,Uttar Pradesh
jaundice,Gastroenterology,SGPGI,Lucknow,Uttar Pradesh
dengue,General Medicine,SGPGI,Lucknow,Uttar Pradesh
malaria,General Medicine,SGPGI,Lucknow,Uttar Pradesh
typhoid,General Medicine,SGPGI,Lucknow,Uttar Pradesh
common cold,General Medicine,Indira Gandhi Institute of Medical Sciences,Patna,Bihar
allergy,Immunology,Indira Gandhi Institute of Medical Sciences,Patna,Bihar
bronchitis,Pulmonology,Indira Gandhi Institute of Medical Sciences,Patna,Bihar
asthma,Pulmonology,Indira Gandhi Institute of Medical Sciences,Patna,Bihar
acid reflux,Gastroenterology,Indira Gandhi Institute of Medical Sciences,Patna,Bihar
sinusitis,ENT,Indira Gandhi Institute of Medical Sciences,Patna,Bihar
stomach flu,Gastroenterology,Indira Gandhi Institute of Medical Sciences,Patna,Bihar
constipation,Gastroenterology,Indira Gandhi Institute of Medical Sciences,Patna,Bihar
depression,Psychiatry,Indira Gandhi Institute of Medical Sciences,Patna,Bihar
anxiety,Psychiatry,Indira Gandhi Institute of Medical Sciences,Patna,Bihar
urinary tract infection,Urology,Indira Gandhi Institute of Medical Sciences,Patna,Bihar
food poisoning,General Medicine,Indira Gandhi Institute of Medical Sciences,Patna,Bihar
migraine,Neurology,Indira Gandhi Institute of Medical Sciences,Patna,Bihar
thyroid disorder,Endocrinology,Indira Gandhi Institute of Medical Sciences,Patna,Bihar
covid-19,Infectious Diseases,Indira Gandhi Institute of Medical Sciences,Patna,Bihar
pneumonia,Pulmonology,Indira Gandhi Institute of Medical Sciences,Patna,Bihar
appendicitis,General Surgery,Indira Gandhi Institute of Medical Sciences,Patna,Bihar
arthritis,Rheumatology,Indira Gandhi Institute of Medical Sciences,Patna,Bihar
hypertension,Cardiology,Indira Gandhi Institute of Medical Sciences,Patna,Bihar
measles,Pediatrics,Indira Gandhi Institute of Medical Sciences,Patna,Bihar
flu,General Medicine,Indira Gandhi Institute of Medical Sciences,Patna,Bihar
eczema,Dermatology,Indira Gandhi Institute of Medical Sciences,Patna,Bihar
tuberculosis,Pulmonology,Indira Gandhi Institute of Medical Sciences,Patna,Bihar
chickenpox,Dermatology,Indira Gandhi Institute of Medical Sciences,Patna,Bihar
diabetes,Endocrinology,Indira Gandhi Institute of Medical Sciences,Patna,Bihar
jaundice,Gastroenterology,Indira Gandhi Institute of Medical Sciences,Patna,Bihar
dengue,General Medicine,Indira Gandhi Institute of Medical Sciences,Patna,Bihar
malaria,General Medicine,Indira Gandhi Institute of Medical Sciences,Patna,Bihar
typhoid,General Medicine,Indira Gandhi Institute of Medical Sciences,Patna,Bihar
common cold,General Medicine,Government Medical College,Thiruvananthapuram,Kerala
allergy,Immunology,Government Medical College,Thiruvananthapuram,Kerala
bronchitis,Pulmonology,Government Medical College,Thiruvananthapuram,Kerala
asthma,Pulmonology,Government Medical College,Thiruvananthapuram,Kerala
acid reflux,Gastroenterology,Government Medical College,Thiruvananthapuram,Kerala
sinusitis,ENT,Government Medical College,Thiruvananthapuram,Kerala
stomach flu,Gastroenterology,Government Medical College,Thiruvananthapuram,Kerala
constipation,Gastroenterology,Government Medical College,Thiruvananthapuram,Kerala
depression,Psychiatry,Government Medical College,Thiruvananthapuram,Kerala
anxiety,Psychiatry,Government Medical College,Thiruvananthapuram,Kerala
urinary tract infection,Urology,Government Medical College,Thiruvananthapuram,Kerala
food poisoning,General Medicine,Government Medical College,Thiruvananthapuram,Kerala
migraine,Neurology,Government Medical College,Thiruvananthapuram,Kerala
thyroid disorder,Endocrinology,Government Medical College,Thiruvananthapuram,Kerala
covid-19,Infectious Diseases,Government Medical College,Thiruvananthapuram,Kerala
pneumonia,Pulmonology,Government Medical College,Thiruvananthapuram,Kerala
appendicitis,General Surgery,Government Medical College,Thiruvananthapuram,Kerala
arthritis,Rheumatology,Government Medical College,Thiruvananthapuram,Kerala
hypertension,Cardiology,Government Medical College,Thiruvananthapuram,Kerala
measles,Pediatrics,Government Medical College,Thiruvananthapuram,Kerala
flu,General Medicine,Government Medical College,Thiruvananthapuram,Kerala
eczema,Dermatology,Government Medical College,Thiruvananthapuram,Kerala
tuberculosis,Pulmonology,Government Medical College,Thiruvananthapuram,Kerala
chickenpox,Dermatology,Government Medical College,Thiruvananthapuram,Kerala
diabetes,Endocrinology,Government Medical College,Thiruvananthapuram,Kerala
jaundice,Gastroenterology,Government Medical College,Thiruvananthapuram,Kerala
dengue,General Medicine,Government Medical College,Thiruvananthapuram,Kerala
malaria,General Medicine,Government Medical College,Thiruvananthapuram,Kerala
typhoid,General Medicine,Government Medical College,Thiruvananthapuram,Kerala
allergy,Immunology,RIMS,Ranchi,Jharkhand
bronchitis,Pulmonology,RIMS,Ranchi,Jharkhand
asthma,Pulmonology,RIMS,Ranchi,Jharkhand
acid reflux,Gastroenterology,RIMS,Ranchi,Jharkhand
sinusitis,ENT,RIMS,Ranchi,Jharkhand
stomach flu,Gastroenterology,RIMS,Ranchi,Jharkhand
constipation,Gastroenterology,RIMS,Ranchi,Jharkhand
depression,Psychiatry,RIMS,Ranchi,Jharkhand
anxiety,Psychiatry,RIMS,Ranchi,Jharkhand
urinary tract infection,Urology,RIMS,Ranchi,Jharkhand
food poisoning,General Medicine,RIMS,Ranchi,Jharkhand
migraine,Neurology,RIMS,Ranchi,Jharkhand
thyroid disorder,Endocrinology,RIMS,Ranchi,Jharkhand
covid-19,Infectious Diseases,RIMS,Ranchi,Jharkhand
pneumonia,Pulmonology,RIMS,Ranchi,Jharkhand
appendicitis,General Surgery,RIMS,Ranchi,Jharkhand
arthritis,Rheumatology,RIMS,Ranchi,Jharkhand
hypertension,Cardiology,RIMS,Ranchi,Jharkhand
measles,Pediatrics,RIMS,Ranchi,Jharkhand
flu,General Medicine,RIMS,Ranchi,Jharkhand
eczema,Dermatology,RIMS,Ranchi,Jharkhand
tuberculosis,Pulmonology,RIMS,Ranchi,Jharkhand
chickenpox,Dermatology,RIMS,Ranchi,Jharkhand
diabetes,Endocrinology,RIMS,Ranchi,Jharkhand
jaundice,Gastroenterology,RIMS,Ranchi,Jharkhand
dengue,General Medicine,RIMS,Ranchi,Jharkhand
malaria,General Medicine,RIMS,Ranchi,Jharkhand
typhoid,General Medicine,RIMS,Ranchi,Jharkhand
common cold,General Medicine,SCB Medical College,Cuttack,Odisha
allergy,Immunology,SCB Medical College,Cuttack,Odisha
bronchitis,Pulmonology,SCB Medical College,Cuttack,Odisha
asthma,Pulmonology,SCB Medical College,Cuttack,Odisha
acid reflux,Gastroenterology,SCB Medical College,Cuttack,Odisha
sinusitis,ENT,SCB Medical College,Cuttack,Odisha
stomach flu,Gastroenterology,SCB Medical College,Cuttack,Odisha
constipation,Gastroenterology,SCB Medical College,Cuttack,Odisha
depression,Psychiatry,SCB Medical College,Cuttack,Odisha
anxiety,Psychiatry,SCB Medical College,Cuttack,Odisha
urinary tract infection,Urology,SCB Medical College,Cuttack,Odisha
food poisoning,General Medicine,SCB Medical College,Cuttack,Odisha
migraine,Neurology,SCB Medical College,Cuttack,Odisha
thyroid disorder,Endocrinology,SCB Medical College,Cuttack,Odisha
covid-19,Infectious Diseases,SCB Medical College,Cuttack,Odisha
pneumonia,Pulmonology,SCB Medical College,Cuttack,Odisha
appendicitis,General Surgery,SCB Medical College,Cuttack,Odisha
arthritis,Rheumatology,SCB Medical College,Cuttack,Odisha
hypertension,Cardiology,SCB Medical College,Cuttack,Odisha
measles,Pediatrics,SCB Medical College,Cuttack,Odisha
flu,General Medicine,SCB Medical College,Cuttack,Odisha
eczema,Dermatology,SCB Medical College,Cuttack,Odisha
tuberculosis,Pulmonology,SCB Medical College,Cuttack,Odisha
chickenpox,Dermatology,SCB Medical College,Cuttack,Odisha
diabetes,Endocrinology,SCB Medical College,Cuttack,Odisha
jaundice,Gastroenterology,SCB Medical College,Cuttack,Odisha
dengue,General Medicine,SCB Medical College,Cuttack,Odisha
malaria,General Medicine,SCB Medical College,Cuttack,Odisha
typhoid,General Medicine,SCB Medical College,Cuttack,Odisha
common cold,General Medicine,AIIMS Raipur,Raipur,Chhattisgarh
allergy,Immunology,AIIMS Raipur,Raipur,Chhattisgarh
bronchitis,Pulmonology,AIIMS Raipur,Raipur,Chhattisgarh
asthma,Pulmonology,AIIMS Raipur,Raipur,Chhattisgarh
acid reflux,Gastroenterology,AIIMS Raipur,Raipur,Chhattisgarh
sinusitis,ENT,AIIMS Raipur,Raipur,Chhattisgarh
stomach flu,Gastroenterology,AIIMS Raipur,Raipur,Chhattisgarh
constipation,Gastroenterology,AIIMS Raipur,Raipur,Chhattisgarh
depression,Psychiatry,AIIMS Raipur,Raipur,Chhattisgarh
anxiety,Psychiatry,AIIMS Raipur,Raipur,Chhattisgarh
urinary tract infection,Urology,AIIMS Raipur,Raipur,Chhattisgarh
food poisoning,General Medicine,AIIMS Raipur,Raipur,Chhattisgarh
migraine,Neurology,AIIMS Raipur,Raipur,Chhattisgarh
thyroid disorder,Endocrinology,AIIMS Raipur,Raipur,Chhattisgarh
covid-19,Infectious Diseases,AIIMS Raipur,Raipur,Chhattisgarh
pneumonia,Pulmonology,AIIMS Raipur,Raipur,Chhattisgarh
appendicitis,General Surgery,AIIMS Raipur,Raipur,Chhattisgarh
arthritis,Rheumatology,AIIMS Raipur,Raipur,Chhattisgarh
hypertension,Cardiology,AIIMS Raipur,Raipur,Chhattisgarh
measles,Pediatrics,AIIMS Raipur,Raipur,Chhattisgarh
flu,General Medicine,AIIMS Raipur,Raipur,Chhattisgarh
eczema,Dermatology,AIIMS Raipur,Raipur,Chhattisgarh
tuberculosis,Pulmonology,AIIMS Raipur,Raipur,Chhattisgarh
chickenpox,Dermatology,AIIMS Raipur,Raipur,Chhattisgarh
diabetes,Endocrinology,AIIMS Raipur,Raipur,Chhattisgarh
jaundice,Gastroenterology,AIIMS Raipur,Raipur,Chhattisgarh
dengue,General Medicine,AIIMS Raipur,Raipur,Chhattisgarh
malaria,General Medicine,AIIMS Raipur,Raipur,Chhattisgarh
typhoid,General Medicine,AIIMS Raipur,Raipur,Chhattisgarh
common cold,General Medicine,AIIMS Raipur,Raipur,Chhattisgarh
allergy,Immunology,AIIMS Raipur,Raipur,Chhattisgarh
bronchitis,Pulmonology,AIIMS Raipur,Raipur,Chhattisgarh
asthma,Pulmonology,AIIMS Raipur,Raipur,Chhattisgarh
acid reflux,Gastroenterology,AIIMS Raipur,Raipur,Chhattisgarh
sinusitis,ENT,AIIMS Raipur,Raipur,Chhattisgarh
stomach flu,Gastroenterology,AIIMS Raipur,Raipur,Chhattisgarh
constipation,Gastroenterology,AIIMS Raipur,Raipur,Chhattisgarh
depression,Psychiatry,AIIMS Raipur,Raipur,Chhattisgarh
anxiety,Psychiatry,AIIMS Raipur,Raipur,Chhattisgarh
urinary tract infection,Urology,AIIMS Raipur,Raipur,Chhattisgarh
food poisoning,General Medicine,AIIMS Raipur,Raipur,Chhattisgarh
migraine,Neurology,AIIMS Raipur,Raipur,Chhattisgarh
thyroid disorder,Endocrinology,AIIMS Raipur,Raipur,Chhattisgarh
covid-19,Infectious Diseases,AIIMS Raipur,Raipur,Chhattisgarh
pneumonia,Pulmonology,AIIMS Raipur,Raipur,Chhattisgarh
appendicitis,General Surgery,AIIMS Raipur,Raipur,Chhattisgarh
arthritis,Rheumatology,AIIMS Raipur,Raipur,Chhattisgarh
hypertension,Cardiology,AIIMS Raipur,Raipur,Chhattisgarh
measles,Pediatrics,AIIMS Raipur,Raipur,Chhattisgarh
flu,General Medicine,AIIMS Raipur,Raipur,Chhattisgarh
eczema,Dermatology,AIIMS Raipur,Raipur,Chhattisgarh
tuberculosis,Pulmonology,AIIMS Raipur,Raipur,Chhattisgarh
chickenpox,Dermatology,AIIMS Raipur,Raipur,Chhattisgarh
diabetes,Endocrinology,AIIMS Raipur,Raipur,Chhattisgarh
jaundice,Gastroenterology,AIIMS Raipur,Raipur,Chhattisgarh
dengue,General Medicine,AIIMS Raipur,Raipur,Chhattisgarh
malaria,General Medicine,AIIMS Raipur,Raipur,Chhattisgarh
typhoid,General Medicine,AIIMS Raipur,Raipur,Chhattisgarh
common cold,General Medicine,PGIMS,Rohtak,Haryana
allergy,Immunology,PGIMS,Rohtak,Haryana
bronchitis,Pulmonology,PGIMS,Rohtak,Haryana
asthma,Pulmonology,PGIMS,Rohtak,Haryana
acid reflux,Gastroenterology,PGIMS,Rohtak,Haryana
sinusitis,ENT,PGIMS,Rohtak,Haryana
stomach flu,Gastroenterology,PGIMS,Rohtak,Haryana
constipation,Gastroenterology,PGIMS,Rohtak,Haryana
depression,Psychiatry,PGIMS,Rohtak,Haryana
anxiety,Psychiatry,PGIMS,Rohtak,Haryana
urinary tract infection,Urology,PGIMS,Rohtak,Haryana
food poisoning,General Medicine,PGIMS,Rohtak,Haryana
migraine,Neurology,PGIMS,Rohtak,Haryana
thyroid disorder,Endocrinology,PGIMS,Rohtak,Haryana
covid-19,Infectious Diseases,PGIMS,Rohtak,Haryana
pneumonia,Pulmonology,PGIMS,Rohtak,Haryana
appendicitis,General Surgery,PGIMS,Rohtak,Haryana
arthritis,Rheumatology,PGIMS,Rohtak,Haryana
hypertension,Cardiology,PGIMS,Rohtak,Haryana
measles,Pediatrics,PGIMS,Rohtak,Haryana
flu,General Medicine,PGIMS,Rohtak,Haryana
eczema,Dermatology,PGIMS,Rohtak,Haryana
tuberculosis,Pulmonology,PGIMS,Rohtak,Haryana
chickenpox,Dermatology,PGIMS,Rohtak,Haryana
diabetes,Endocrinology,PGIMS,Rohtak,Haryana
jaundice,Gastroenterology,PGIMS,Rohtak,Haryana
dengue,General Medicine,PGIMS,Rohtak,Haryana
malaria,General Medicine,PGIMS,Rohtak,Haryana
typhoid,General Medicine,PGIMS,Rohtak,Haryana
common cold,General Medicine,AIIMS Bhopal,Bhopal,Madhya Pradesh
allergy,Immunology,AIIMS Bhopal,Bhopal,Madhya Pradesh
bronchitis,Pulmonology,AIIMS Bhopal,Bhopal,Madhya Pradesh
asthma,Pulmonology,AIIMS Bhopal,Bhopal,Madhya Pradesh
acid reflux,Gastroenterology,AIIMS Bhopal,Bhopal,Madhya Pradesh
sinusitis,ENT,AIIMS Bhopal,Bhopal,Madhya Pradesh
stomach flu,Gastroenterology,AIIMS Bhopal,Bhopal,Madhya Pradesh
constipation,Gastroenterology,AIIMS Bhopal,Bhopal,Madhya Pradesh
depression,Psychiatry,AIIMS Bhopal,Bhopal,Madhya Pradesh
anxiety,Psychiatry,AIIMS Bhopal,Bhopal,Madhya Pradesh
urinary tract infection,Urology,AIIMS Bhopal,Bhopal,Madhya Pradesh
food poisoning,General Medicine,AIIMS Bhopal,Bhopal,Madhya Pradesh
migraine,Neurology,AIIMS Bhopal,Bhopal,Madhya Pradesh
thyroid disorder,Endocrinology,AIIMS Bhopal,Bhopal,Madhya Pradesh
covid-19,Infectious Diseases,AIIMS Bhopal,Bhopal,Madhya Pradesh
pneumonia,Pulmonology,AIIMS Bhopal,Bhopal,Madhya Pradesh
appendicitis,General Surgery,AIIMS Bhopal,Bhopal,Madhya Pradesh
arthritis,Rheumatology,AIIMS Bhopal,Bhopal,Madhya Pradesh
hypertension,Cardiology,AIIMS Bhopal,Bhopal,Madhya Pradesh
measles,Pediatrics,AIIMS Bhopal,Bhopal,Madhya Pradesh
flu,General Medicine,AIIMS Bhopal,Bhopal,Madhya Pradesh
eczema,Dermatology,AIIMS Bhopal,Bhopal,Madhya Pradesh
tuberculosis,Pulmonology,AIIMS Bhopal,Bhopal,Madhya Pradesh
chickenpox,Dermatology,AIIMS Bhopal,Bhopal,Madhya Pradesh
diabetes,Endocrinology,AIIMS Bhopal,Bhopal,Madhya Pradesh
jaundice,Gastroenterology,AIIMS Bhopal,Bhopal,Madhya Pradesh
dengue,General Medicine,AIIMS Bhopal,Bhopal,Madhya Pradesh
malaria,General Medicine,AIIMS Bhopal,Bhopal,Madhya Pradesh
typhoid,General Medicine,AIIMS Bhopal,Bhopal,Madhya Pradesh
common cold,General Medicine,Civil Hospital,Ahmedabad,Gujarat
allergy,Immunology,Civil Hospital,Ahmedabad,Gujarat
bronchitis,Pulmonology,Civil Hospital,Ahmedabad,Gujarat
asthma,Pulmonology,Civil Hospital,Ahmedabad,Gujarat
acid reflux,Gastroenterology,Civil Hospital,Ahmedabad,Gujarat
sinusitis,ENT,Civil Hospital,Ahmedabad,Gujarat
stomach flu,Gastroenterology,Civil Hospital,Ahmedabad,Gujarat
constipation,Gastroenterology,Civil Hospital,Ahmedabad,Gujarat
depression,Psychiatry,Civil Hospital,Ahmedabad,Gujarat
anxiety,Psychiatry,Civil Hospital,Ahmedabad,Gujarat
urinary tract infection,Urology,Civil Hospital,Ahmedabad,Gujarat
food poisoning,General Medicine,Civil Hospital,Ahmedabad,Gujarat
migraine,Neurology,Civil Hospital,Ahmedabad,Gujarat
thyroid disorder,Endocrinology,Civil Hospital,Ahmedabad,Gujarat
covid-19,Infectious Diseases,Civil Hospital,Ahmedabad,Gujarat
pneumonia,Pulmonology,Civil Hospital,Ahmedabad,Gujarat
appendicitis,General Surgery,Civil Hospital,Ahmedabad,Gujarat
arthritis,Rheumatology,Civil Hospital,Ahmedabad,Gujarat
hypertension,Cardiology,Civil Hospital,Ahmedabad,Gujarat
measles,Pediatrics,Civil Hospital,Ahmedabad,Gujarat
flu,General Medicine,Civil Hospital,Ahmedabad,Gujarat
eczema,Dermatology,Civil Hospital,Ahmedabad,Gujarat
tuberculosis,Pulmonology,Civil Hospital,Ahmedabad,Gujarat
chickenpox,Dermatology,Civil Hospital,Ahmedabad,Gujarat
diabetes,Endocrinology,Civil Hospital,Ahmedabad,Gujarat
jaundice,Gastroenterology,Civil Hospital,Ahmedabad,Gujarat
dengue,General Medicine,Civil Hospital,Ahmedabad,Gujarat
malaria,General Medicine,Civil Hospital,Ahmedabad,Gujarat
typhoid,General Medicine,Civil Hospital,Ahmedabad,Gujarat
prognosis,specialty,hospital,place,state
common cold,General Medicine,JNIMS,Imphal,Manipur
allergy,Immunology,JNIMS,Imphal,Manipur
bronchitis,Pulmonology,JNIMS,Imphal,Manipur
asthma,Pulmonology,JNIMS,Imphal,Manipur
acid reflux,Gastroenterology,JNIMS,Imphal,Manipur
sinusitis,ENT,JNIMS,Imphal,Manipur
stomach flu,Gastroenterology,JNIMS,Imphal,Manipur
constipation,Gastroenterology,JNIMS,Imphal,Manipur
depression,Psychiatry,JNIMS,Imphal,Manipur
anxiety,Psychiatry,JNIMS,Imphal,Manipur
urinary tract infection,Urology,JNIMS,Imphal,Manipur
food poisoning,General Medicine,JNIMS,Imphal,Manipur
migraine,Neurology,JNIMS,Imphal,Manipur
thyroid disorder,Endocrinology,JNIMS,Imphal,Manipur
covid-19,Infectious Diseases,JNIMS,Imphal,Manipur
pneumonia,Pulmonology,JNIMS,Imphal,Manipur
appendicitis,General Surgery,JNIMS,Imphal,Manipur
arthritis,Rheumatology,JNIMS,Imphal,Manipur
hypertension,Cardiology,JNIMS,Imphal,Manipur
measles,Pediatrics,JNIMS,Imphal,Manipur
flu,General Medicine,JNIMS,Imphal,Manipur
eczema,Dermatology,JNIMS,Imphal,Manipur
tuberculosis,Pulmonology,JNIMS,Imphal,Manipur
chickenpox,Dermatology,JNIMS,Imphal,Manipur
diabetes,Endocrinology,JNIMS,Imphal,Manipur
jaundice,Gastroenterology,JNIMS,Imphal,Manipur
dengue,General Medicine,JNIMS,Imphal,Manipur
malaria,General Medicine,JNIMS,Imphal,Manipur
typhoid,General Medicine,JNIMS,Imphal,Manipur
